Date,Open,Close,High,Low,Volume
2021/1/4,375.309998,368.790009,375.450012,364.820007,110210800
2021/1/5,368.100006,371.329987,372.5,368.049988,66426200
2021/1/6,369.709991,373.549988,376.980011,369.119995,107997700
2021/1/7,376.100006,379.100006,379.899994,375.910004,68766800
2021/1/8,380.589996,381.26001,381.48999,377.100006,71677200
2021/1/11,377.850006,378.690002,380.579987,377.720001,51034700
2021/1/12,378.890015,378.769989,379.859985,376.359985,52547700
2021/1/13,378.690002,379.790009,380.859985,377.850006,45303600
2021/1/14,380.589996,378.459991,381.130005,378.100006,49989100
2021/1/15,376.720001,375.700012,377.579987,373.700012,107160000
2021/1/19,378.339996,378.649994,379.230011,376.75,51233300
2021/1/20,381.109985,383.890015,384.790009,380.690002,61836100
2021/1/21,384.48999,384.23999,384.950012,383.25,47840100
2021/1/22,382.25,382.880005,384.130005,381.839996,52860500
2021/1/25,383.670013,384.390015,384.769989,378.459991,70402000
2021/1/26,385.410004,383.790009,385.850006,383.540009,42665300
2021/1/27,380.220001,374.410004,380.320007,372.01001,123351100
2021/1/28,376.359985,377.630005,381.929993,375.890015,94198100
2021/1/29,375.630005,370.070007,376.670013,368.269989,126765100
2021/2/1,373.720001,376.230011,377.339996,370.380005,75817600
2021/2/2,379.649994,381.549988,383.220001,376.320007,64450700
2021/2/3,382.440002,381.850006,383.700012,380.480011,52427100
2021/2/4,382.959991,386.190002,386.23999,381.970001,47142600
2021/2/5,388.200012,387.709991,388.470001,386.140015,48669800
2021/2/8,389.269989,390.51001,390.559998,388.350006,38365200
2021/2/9,389.609985,390.25,390.890015,389.170013,35551100
2021/2/10,392.119995,390.079987,392.279999,387.5,59154400
2021/2/11,391.23999,390.709991,391.690002,388.100006,42913300
2021/2/12,389.850006,392.640015,392.899994,389.769989,50593300
2021/2/16,393.959991,392.299988,394.170013,391.529999,50972400
2021/2/17,390.420013,392.390015,392.660004,389.329987,52290600
2021/2/18,389.589996,390.720001,391.519989,387.73999,59712800
2021/2/19,392.070007,390.029999,392.380005,389.549988,83241000
2021/2/22,387.059998,387.029999,389.619995,386.73999,67414200
2021/2/23,384.660004,387.5,388.950012,380.200012,107284100
2021/2/24,386.329987,391.769989,392.230011,385.269989,72433900
2021/2/25,390.410004,382.329987,391.880005,380.779999,146670500
2021/2/26,384.350006,380.359985,385.579987,378.230011,152701600
2021/3/1,385.589996,389.579987,390.920013,380.570007,105348800
2021/3/2,389.820007,386.540009,390.070007,386,79595300
2021/3/3,385.790009,381.420013,386.829987,381.309998,119940200
2021/3/4,381.220001,376.700012,384,371.880005,183433000
2021/3/5,380.459991,383.630005,384.76001,372.640015,152039600
2021/3/8,384.660004,381.720001,387.679993,381.420013,123149200
2021/3/9,385.850006,387.170013,389.910004,385.309998,113633600
2021/3/10,389.690002,389.579987,391.399994,388.170013,109899400
2021/3/11,392.230011,393.529999,395.649994,391.73999,86245000
2021/3/12,392.070007,394.059998,394.209991,391.200012,64653600
2021/3/15,394.329987,396.410004,396.690002,392.029999,73427200
2021/3/16,397.070007,395.910004,397.829987,395.079987,73722500
2021/3/17,394.529999,397.26001,398.119995,393.299988,97959300
2021/3/18,394.480011,391.480011,396.720001,390.75,115349100
2021/3/19,389.880005,389.480011,391.570007,387.149994,113624500
2021/3/22,390.029999,392.589996,394.070007,389.970001,73778600
2021/3/23,391.910004,389.5,393.459991,388.660004,90686600
2021/3/24,391,387.519989,392.75,387.470001,97588600
2021/3/25,385.980011,389.700012,390.549988,383.899994,116128600
2021/3/26,390.929993,395.980011,396.410004,390.290009,114409100
2021/3/29,394.399994,395.779999,396.75,392.809998,108107600
2021/3/30,394.420013,394.730011,395.450012,393.019989,76262200
2021/3/31,395.339996,396.329987,398,395.309998,112734200
2021/4/1,398.399994,400.609985,400.670013,398.179993,99682900
2021/4/5,403.459991,406.359985,406.940002,403.380005,91684800
2021/4/6,405.76001,406.119995,407.23999,405.399994,62021000
2021/4/7,405.940002,406.589996,406.959991,405.450012,55836300
2021/4/8,407.929993,408.519989,408.579987,406.929993,57863100
2021/4/9,408.390015,411.48999,411.670013,408.26001,61104600
2021/4/12,410.850006,411.640015,411.929993,410.200012,56704900
2021/4/13,411.529999,412.859985,413.529999,411.119995,56551000
2021/4/14,412.829987,411.450012,413.959991,410.869995,61659900
2021/4/15,413.73999,415.869995,416.160004,413.690002,60229800
2021/4/16,417.25,417.26001,417.910004,415.730011,82037300
2021/4/19,416.26001,415.209991,416.73999,413.790009,78498500
2021/4/20,413.910004,412.170013,415.089996,410.589996,81851800
2021/4/21,411.51001,416.070007,416.290009,411.359985,66793000
2021/4/22,415.890015,412.269989,416.779999,411.130005,97582800
2021/4/23,412.869995,416.73999,418.25,412.790009,73209200
2021/4/26,417.440002,417.609985,418.220001,416.809998,52182400
2021/4/27,417.929993,417.519989,418.140015,416.299988,51303100
2021/4/28,417.809998,417.399994,419.01001,416.899994,51238900
2021/4/29,420.320007,420.059998,420.720001,416.440002,78544300
2021/4/30,417.630005,417.299988,418.540009,416.339996,85527000
2021/5/3,419.429993,418.200012,419.839996,417.670013,68128300
2021/5/4,416.070007,415.619995,416.600006,411.670013,101591200
2021/5/5,417.380005,415.75,417.630005,415.149994,60162200
2021/5/6,415.829987,419.070007,419.209991,413.679993,74321400
2021/5/7,419.890015,422.119995,422.820007,419.160004,67733800
2021/5/10,422.5,417.940002,422.73999,417.809998,81852400
2021/5/11,413.100006,414.209991,415.269989,410.059998,116888000
2021/5/12,411.230011,405.410004,412.589996,404,134811000
2021/5/13,407.070007,410.279999,412.350006,407.019989,106394000
2021/5/14,413.209991,416.579987,417.48999,413.179993,82201600
2021/5/17,415.390015,415.519989,416.390015,413.359985,65129200
2021/5/18,415.799988,411.940002,416.059998,411.769989,59810200
2021/5/19,406.920013,410.859985,411.049988,405.329987,106467100
2021/5/20,411.799988,415.279999,416.630005,411.670013,78022200
2021/5/21,416.869995,414.940002,418.200012,414.450012,76578700
2021/5/24,417.339996,419.170013,420.320007,417.079987,51376700
2021/5/25,420.329987,418.23999,420.709991,417.619995,57451400
2021/5/26,418.869995,419.070007,419.609985,417.76001,43088600
2021/5/27,420.170013,419.290009,420.720001,418.98999,56707700
2021/5/28,420.970001,420.040009,421.25,419.790009,58520200
2021/6/1,422.570007,419.670013,422.720001,419.200012,54216600
2021/6/2,420.369995,420.329987,421.230011,419.290009,49097100
2021/6/3,417.850006,418.769989,419.98999,416.279999,58138800
2021/6/4,420.75,422.600006,422.920013,418.839996,55938800
2021/6/7,422.589996,422.190002,422.779999,421.190002,51555000
2021/6/8,423.109985,422.279999,423.209991,420.320007,47134300
2021/6/9,423.179993,421.649994,423.26001,421.410004,48436300
2021/6/10,422.959991,423.609985,424.630005,421.549988,51020100
2021/6/11,424.200012,424.309998,424.429993,422.820007,45570800
2021/6/14,424.429993,425.26001,425.369995,423.100006,42358500
2021/6/15,425.420013,424.480011,425.459991,423.540009,51508500
2021/6/16,424.630005,422.109985,424.869995,419.920013,80386100
2021/6/17,421.670013,421.970001,423.019989,419.320007,90949700
2021/6/18,417.089996,414.920013,417.829987,414.700012,118676300
2021/6/21,416.799988,420.859985,421.059998,415.929993,72822000
2021/6/22,420.850006,423.109985,424,420.079987,57700300
2021/6/23,423.190002,422.600006,424.049988,422.51001,49445400
2021/6/24,424.890015,425.100006,425.549988,424.619995,45110300
2021/6/25,425.899994,426.609985,427.089996,425.549988,58129500
2021/6/28,427.170013,427.470001,427.649994,425.890015,53159600
2021/6/29,427.880005,427.700012,428.559998,427.130005,35970500
2021/6/30,427.209991,428.059998,428.779999,427.179993,64827900
2021/7/1,428.869995,430.429993,430.600006,428.799988,53441000
2021/7/2,431.670013,433.720001,434.100006,430.519989,57697700
2021/7/6,433.779999,432.929993,434.01001,430.01001,68710400
2021/7/7,433.660004,434.459991,434.76001,431.51001,63549500
2021/7/8,428.779999,430.920013,431.730011,427.519989,97595200
2021/7/9,432.529999,435.519989,435.839996,430.709991,76238600
2021/7/12,435.429993,437.079987,437.350006,434.970001,52889600
2021/7/13,436.23999,435.589996,437.839996,435.309998,52911300
2021/7/14,437.399994,436.23999,437.920013,434.910004,64130400
2021/7/15,434.809998,434.75,435.529999,432.720001,55126400
2021/7/16,436.01001,431.339996,436.059998,430.920013,75874700
2021/7/19,426.190002,424.970001,431.410004,421.970001,147987000
2021/7/20,425.679993,431.059998,432.420013,424.829987,99608200
2021/7/21,432.339996,434.549988,434.700012,431.01001,64724400
2021/7/22,434.73999,435.459991,435.720001,433.690002,47878500
2021/7/23,437.519989,439.940002,440.299988,436.790009,63766600
2021/7/26,439.309998,441.019989,441.029999,439.26001,43719200
2021/7/27,439.910004,439.01001,439.940002,435.98999,67397100
2021/7/28,439.679993,438.829987,440.299988,437.309998,52472400
2021/7/29,439.820007,440.649994,441.799988,439.809998,47435300
2021/7/30,437.910004,438.51001,440.059998,437.769989,68951200
2021/8/2,440.339996,437.589996,440.929993,437.209991,58783300
2021/8/3,438.440002,441.149994,441.279999,436.100006,58053900
2021/8/4,439.779999,438.980011,441.119995,438.730011,46732200
2021/8/5,440.220001,441.76001,441.850006,439.880005,38969700
2021/8/6,442.100006,442.48999,442.940002,441.799988,46930000
2021/8/9,442.459991,442.130005,442.799988,441.309998,41222600
2021/8/10,442.609985,442.679993,443.440002,441.880005,43339300
2021/8/11,443.820007,443.779999,443.880005,442.619995,44034300
2021/8/12,443.619995,445.109985,445.26001,442.660004,38909400
2021/8/13,445.589996,445.920013,445.940002,445.070007,39470300
2021/8/16,444.529999,446.970001,447.109985,442.869995,73740000
2021/8/17,444.23999,444.040009,444.959991,440.850006,92673900
2021/8/18,442.959991,439.179993,444.630005,438.920013,89351900
2021/8/19,436.269989,439.859985,441.140015,436.119995,92812200
2021/8/20,440.230011,443.359985,443.709991,439.709991,72008700
2021/8/23,445.160004,447.26001,448.230011,443.440002,54973000
2021/8/24,447.970001,447.970001,448.540009,447.420013,38744700
2021/8/25,448.170013,448.910004,449.459991,447.769989,40529700
2021/8/26,448.609985,446.26001,448.859985,446.160004,57829600
2021/8/27,447.119995,450.25,450.649994,447.059998,77235100
2021/8/30,450.970001,452.230011,453.070007,450.709991,48357400
2021/8/31,452.130005,451.559998,452.48999,450.920013,59300200
2021/9/1,452.559998,451.799988,453.109985,451.549988,48721400
2021/9/2,453.320007,453.190002,454.049988,451.910004,42501000
2021/9/3,451.980011,453.079987,453.630005,451.549988,47170500
2021/9/7,452.709991,451.459991,452.809998,450.73999,51671500
2021/9/8,450.890015,450.910004,451.670013,448.859985,56181900
2021/9/9,450.700012,448.980011,452.570007,448.720001,57970400
2021/9/10,451.040009,445.440002,451.48999,445.309998,89948200
2021/9/13,448.640015,446.579987,448.920013,444.109985,83738600
2021/9/14,448.119995,444.170013,448.339996,443.220001,78197100
2021/9/15,444.619995,447.880005,448.410004,443.440002,78792200
2021/9/16,447.320007,447.170013,448.359985,444.019989,77786700
2021/9/17,444.920013,441.399994,445.369995,441.019989,118425000
2021/9/20,434.880005,434.040009,436.559998,428.859985,166445500
2021/9/21,436.529999,433.630005,437.910004,433.070007,92526100
2021/9/22,436.049988,437.859985,440.029999,433.75,102350100
2021/9/23,439.850006,443.179993,444.890015,439.600006,76396000
2021/9/24,441.440002,443.910004,444.670013,441.209991,62094800
2021/9/27,442.809998,442.640015,444.049988,441.899994,61371100
2021/9/28,439.690002,433.720001,440.040009,432.940002,130436300
2021/9/29,435.190002,434.450012,437.040009,433.850006,82329200
2021/9/30,436.019989,429.140015,436.769989,428.779999,140506000
2021/10/1,430.980011,434.23999,436.029999,427.230011,129240100
2021/10/4,433,428.640015,433.959991,426.359985,128570000
2021/10/5,430.23999,433.100006,435.48999,429.390015,90682500
2021/10/6,429.269989,434.899994,435.119995,427.540009,113032200
2021/10/7,438.390015,438.660004,441.679993,438.200012,72437500
2021/10/8,439.480011,437.859985,439.890015,437.190002,74557400
2021/10/11,437.160004,434.690002,440.26001,434.619995,65233300
2021/10/12,435.670013,433.619995,436.100006,432.779999,71181200
2021/10/13,434.709991,435.179993,436.049988,431.540009,72974000
2021/10/14,439.079987,442.5,442.660004,438.579987,70236800
2021/10/15,444.75,445.869995,446.26001,444.089996,66260200
2021/10/18,443.970001,447.190002,447.549988,443.269989,62213200
2021/10/19,448.920013,450.640015,450.709991,448.269989,46996800
2021/10/20,451.130005,452.410004,452.730011,451.01001,49571600
2021/10/21,451.769989,453.589996,453.829987,451.309998,41305400
2021/10/22,453.130005,453.119995,454.670013,451.049988,58845100
2021/10/25,454.279999,455.549988,455.899994,452.390015,45214500
2021/10/26,457.200012,455.959991,458.48999,455.559998,56075100
2021/10/27,456.450012,453.940002,457.160004,453.859985,72438000
2021/10/28,455.459991,458.320007,458.399994,455.450012,51437900
2021/10/29,455.869995,459.25,459.559998,455.559998,70162400
2021/11/1,460.299988,460.040009,460.700012,458.200012,48433600
2021/11/2,460.220001,461.899994,462.230011,460.079987,48908400
2021/11/3,461.299988,464.720001,465.149994,460.829987,52509800
2021/11/4,465.359985,466.910004,467,464.98999,52847100
2021/11/5,469.279999,468.529999,470.649994,466.920013,66390600
2021/11/8,469.700012,468.929993,470.230011,468.200012,50405200
2021/11/9,469.320007,467.380005,469.570007,465.880005,51149100
2021/11/10,465.579987,463.619995,467.380005,462.040009,69429700
2021/11/11,465.209991,463.769989,465.290009,463.75,34848500
2021/11/12,465.119995,467.269989,467.859985,464.109985,53466700
2021/11/15,468.640015,467.429993,468.809998,466.230011,46980500
2021/11/16,467.149994,469.279999,470.48999,467.070007,48857500
2021/11/17,469,468.140015,469.190002,467.480011,47858300
2021/11/18,469.23999,469.730011,470.01001,466.339996,50625600
2021/11/19,469.609985,468.890015,470.940002,468.5,57315600
2021/11/22,470.890015,467.570007,473.540009,467.350006,72762000
2021/11/23,467.220001,468.190002,469.100006,464.450012,73206500
2021/11/24,466.059998,469.440002,469.570007,465.190002,61858800
2021/11/26,462.339996,458.970001,463.899994,457.769989,112669600
2021/11/29,464.070007,464.600006,466.559998,461.730011,86268800
2021/11/30,462,455.559998,464.029999,455.299988,148559600
2021/12/1,461.640015,450.5,464.670013,450.290009,131939200
2021/12/2,450.730011,457.399994,459.070007,450.309998,127637800
2021/12/3,459.170013,453.420013,460.299988,448.920013,137331600
2021/12/6,456.130005,458.790009,460.790009,453.559998,98977500
2021/12/7,464.410004,468.279999,468.880005,458.649994,95484700
2021/12/8,468.700012,469.519989,470,466.829987,72238800
2021/12/9,468.149994,466.350006,469.630005,466.140015,61272600
2021/12/10,469.230011,470.73999,470.899994,466.51001,77159800
2021/12/13,470.190002,466.570007,470.559998,466.269989,87724700
2021/12/14,463.089996,463.359985,465.73999,460.25,97264100
2021/12/15,463.420013,470.600006,470.859985,460.73999,116899300
2021/12/16,472.570007,466.450012,472.869995,464.799988,116568600
2021/12/17,461.549988,459.869995,464.73999,458.059998,135511600
2021/12/20,454.480011,454.980011,455.399994,451.140015,107134800
2021/12/21,458.609985,463.059998,463.209991,456.309998,69806300
2021/12/22,462.790009,467.690002,467.809998,462.579987,58890200
2021/12/23,468.75,470.600006,472.190002,468.640015,56439700
2021/12/27,472.059998,477.26001,477.309998,472.01001,56808600
2021/12/28,477.720001,476.869995,478.809998,476.059998,47274600
2021/12/29,476.980011,477.480011,478.559998,475.920013,54503000
2021/12/30,477.929993,476.160004,479,475.670013,55329000
2021/12/31,475.640015,474.959991,476.859985,474.670013,65237400
2022/1/3,476.299988,477.709991,477.850006,473.850006,72668200
2022/1/4,479.220001,477.549988,479.980011,475.579987,71178700
2022/1/5,477.160004,468.380005,477.980011,468.279999,104538900
2022/1/6,467.890015,467.940002,470.820007,465.429993,86858900
2022/1/7,467.950012,466.089996,469.200012,464.649994,85111600
2022/1/10,462.700012,465.51001,465.73999,456.600006,119362000
2022/1/11,465.230011,469.75,469.850006,462.049988,74303100
2022/1/12,471.589996,471.019989,473.200012,468.940002,67605400
2022/1/13,472.190002,464.529999,472.880005,463.440002,91173100
2022/1/14,461.190002,464.720001,465.089996,459.899994,95890900
2022/1/18,459.73999,456.48999,459.959991,455.309998,109709100
2022/1/19,458.130005,451.75,459.609985,451.459991,109357600
2022/1/20,453.75,446.75,458.73999,444.5,122379700
2022/1/21,445.559998,437.980011,448.059998,437.950012,202271200
2022/1/24,432.029999,439.839996,440.380005,420.76001,251783900
2022/1/25,433.059998,434.470001,439.720001,427.149994,167997300
2022/1/26,440.720001,433.380005,444.040009,428.859985,186391100
2022/1/27,438.26001,431.23999,441.589996,429.450012,149878300
2022/1/28,432.679993,441.950012,442,427.820007,164457400
2022/1/31,441.23999,449.910004,450.279999,439.809998,152251400
2022/2/1,450.679993,452.950012,453.630005,446.940002,123155400
2022/2/2,455.5,457.350006,458.119995,453.049988,117361000
2022/2/3,450.950012,446.600006,452.970001,445.709991,118024400
2022/2/4,446.350006,448.700012,452.779999,443.829987,118454400
2022/2/7,449.51001,447.26001,450.98999,445.850006,84472900
2022/2/8,446.730011,450.940002,451.920013,445.220001,81012000
2022/2/9,455.220001,457.540009,457.880005,455.01001,92589900
2022/2/10,451.339996,449.320007,457.709991,447.200012,140103700
2022/2/11,449.410004,440.459991,451.609985,438.940002,153214600
2022/2/14,439.920013,439.019989,441.600006,435.339996,123006300
2022/2/15,443.730011,446.100006,446.279999,443.179993,88482700
2022/2/16,443.929993,446.600006,448.059998,441.940002,84863600
2022/2/17,443.220001,437.059998,446.570007,436.420013,102259100
2022/2/18,437.329987,434.230011,438.660004,431.820007,132642900
2022/2/22,431.890015,429.570007,435.5,425.859985,124391800
2022/2/23,432.660004,421.950012,433.26001,421.350006,132578000
2022/2/24,411.019989,428.299988,428.76001,410.640015,213942900
2022/2/25,429.609985,437.75,437.839996,427.859985,121804500
2022/2/28,432.029999,436.630005,438.200012,430.700012,145615000
2022/3/1,435.040009,429.980011,437.170013,427.109985,137785900
2022/3/2,432.369995,437.890015,439.720001,431.570007,117726500
2022/3/3,440.470001,435.709991,441.109985,433.799988,105501700
2022/3/4,431.75,432.170013,433.369995,427.880005,113978200
2022/3/7,431.549988,419.429993,432.299988,419.359985,137896600
2022/3/8,419.619995,416.25,427.209991,415.119995,164772700
2022/3/9,425.140015,427.410004,429.51001,422.820007,116990800
2022/3/10,422.519989,425.480011,426.429993,420.440002,93972700
2022/3/11,428.119995,420.070007,428.769989,419.529999,95636300
2022/3/14,420.890015,417,424.549988,415.790009,95729200
2022/3/15,419.769989,426.170013,426.839996,418.420013,106219100
2022/3/16,429.890015,435.619995,435.679993,424.799988,144954800
2022/3/17,433.589996,441.070007,441.070007,433.190002,102676900
2022/3/18,438,444.519989,444.859985,437.220001,106345500
2022/3/21,444.339996,444.390015,446.459991,440.679993,88349800
2022/3/22,445.859985,449.589996,450.579987,445.859985,74650400
2022/3/23,446.910004,443.799988,448.48999,443.709991,79426100
2022/3/24,445.940002,450.48999,450.5,444.76001,64736900
2022/3/25,451.160004,452.690002,452.980011,448.429993,77101300
2022/3/28,452.059998,455.910004,455.910004,450.059998,68529800
2022/3/29,460.019989,461.549988,462.070007,457.179993,86581500
2022/3/30,460.339996,458.700012,461.200012,456.470001,79666900
2022/3/31,457.890015,451.640015,458.76001,451.160004,121699900
2022/4/1,453.309998,452.920013,453.459991,449.140015,89048800
2022/4/4,453.130005,456.799988,456.910004,452.26001,59601000
2022/4/5,455.220001,451.029999,457.829987,449.820007,74214500
2022/4/6,446.890015,446.519989,448.929993,443.470001,106898000
2022/4/7,445.589996,448.769989,450.690002,443.529999,78097200
2022/4/8,447.970001,447.570007,450.630005,445.940002,79272700
2022/4/11,444.109985,439.920013,445,439.390015,89770500
2022/4/12,443.079987,438.290009,445.75,436.649994,84363600
2022/4/13,438.029999,443.309998,444.109985,437.839996,74070400
2022/4/14,443.549988,437.790009,444.730011,437.679993,97869500
2022/4/18,436.809998,437.970001,439.75,435.609985,66002500
2022/4/19,437.859985,445.040009,445.799988,437.679993,77821000
2022/4/20,446.920013,444.709991,447.570007,443.480011,65224400
2022/4/21,448.540009,438.059998,450.01001,437.100006,85417300
2022/4/22,436.910004,426.040009,438.079987,425.440002,132471800
2022/4/25,423.670013,428.51001,428.690002,418.839996,119647700
2022/4/26,425.829987,416.100006,426.040009,416.070007,103996300
2022/4/27,417.23999,417.269989,422.920013,415.01001,122030000
2022/4/28,422.290009,427.809998,429.640015,417.600006,105449100
2022/4/29,423.589996,412,425.869995,411.209991,145491100
2022/5/2,412.070007,414.480011,415.920013,405.019989,158312500
2022/5/3,415.01001,416.380005,418.929993,413.359985,100028200
2022/5/4,417.079987,429.059998,429.660004,413.709991,144247900
2022/5/5,424.549988,413.809998,425,409.440002,172929100
2022/5/6,411.100006,411.339996,414.799988,405.730011,151770800
2022/5/9,405.100006,398.170013,406.410004,396.5,155586100
2022/5/10,404.48999,399.089996,406.079987,394.820007,132497200
2022/5/11,398.070007,392.75,404.040009,391.959991,142361000
2022/5/12,389.369995,392.339996,395.799988,385.149994,125090800
2022/5/13,396.709991,401.720001,403.179993,395.609985,104174400
2022/5/16,399.980011,400.089996,403.970001,397.600006,78622400
2022/5/17,406.529999,408.320007,408.570007,402.579987,83029700
2022/5/18,403.5,391.859985,403.799988,390.549988,117674500
2022/5/19,388.619995,389.459991,394.140015,387.109985,98510700
2022/5/20,393.25,389.630005,397.029999,380.540009,131432200
2022/5/23,392.829987,396.920013,397.730011,390.380005,76414900
2022/5/24,392.559998,393.890015,395.149994,386.959991,91448800
2022/5/25,392.309998,397.369995,399.450012,391.890015,91472900
2022/5/26,398.670013,405.309998,407.040009,398.450012,82168300
2022/5/27,407.910004,415.26001,415.380005,407.700012,84768700
2022/5/31,413.549988,412.929993,416.459991,410.029999,95937000
2022/6/1,415.170013,409.589996,416.23999,406.929993,86585800
2022/6/2,409.420013,417.390015,417.440002,407.040009,79609600
2022/6/3,412.399994,410.540009,414.040009,409.51001,71874300
2022/6/6,414.779999,411.790009,416.609985,410.549988,57508900
2022/6/7,408.100006,415.73999,416.220001,407.609985,59272400
2022/6/8,413.929993,411.220001,415.820007,410.380005,64350000
2022/6/9,409.339996,401.440002,411.73999,401.440002,86289800
2022/6/10,394.880005,389.799988,395.779999,389.75,132893900
2022/6/13,379.850006,375,381.809998,373.299988,170004900
2022/6/14,376.850006,373.869995,377.940002,370.589996,104011800
2022/6/15,377.359985,379.200012,383.899994,372.119995,125666800
2022/6/16,370.51001,366.649994,370.940002,364.079987,134473300
2022/6/17,365.51001,365.859985,369.380005,362.170013,111113900
2022/6/21,371.890015,375.070007,376.529999,371.809998,76811900
2022/6/22,370.619995,374.390015,378.720001,370.179993,90059400
2022/6/23,376.640015,378.059998,378.829987,372.890015,79292100
2022/6/24,381.399994,390.079987,390.089996,381.369995,98050300
2022/6/27,391.049988,388.589996,391.359985,387.440002,66009600
2022/6/28,390.230011,380.649994,393.160004,380.529999,86548900
2022/6/29,381.230011,380.339996,382.269989,378.420013,65676000
2022/6/30,376.23999,377.25,380.660004,372.559998,112508300
2022/7/1,376.559998,381.23999,381.700012,373.799988,74839700
2022/7/5,375.880005,381.959991,381.980011,372.899994,81438000
2022/7/6,382.109985,383.25,385.869995,379.600006,70426200
2022/7/7,385.119995,388.98999,389.829987,383.269989,64525900
2022/7/8,387.269989,388.670013,390.640015,385.660004,72397800
2022/7/11,385.850006,384.230011,386.869995,383.5,58366900
2022/7/12,383.649994,380.829987,386.160004,378.98999,62219200
2022/7/13,375.100006,378.829987,381.920013,374.660004,84224600
2022/7/14,373.609985,377.910004,379.049988,371.040009,89704800
2022/7/15,382.549988,385.130005,385.25,380.540009,79060400
2022/7/18,388.380005,381.950012,389.089996,380.660004,63203600
2022/7/19,386.079987,392.269989,392.869995,385.390015,78506000
2022/7/20,392.470001,394.769989,396.26001,391.029999,71843800
2022/7/21,394.160004,398.790009,398.839996,391.630005,64903900
2022/7/22,398.920013,395.089996,400.179993,392.75,72197300
2022/7/25,395.75,395.570007,396.470001,393.209991,53631500
2022/7/26,393.839996,390.890015,394.059998,389.950012,52946400
2022/7/27,394.359985,401.040009,402.880005,394.049988,82342100
2022/7/28,401.890015,406.070007,406.799988,398.149994,73966600
2022/7/29,407.579987,411.98999,413.029999,406.769989,87003700
2022/8/1,409.149994,410.769989,413.410004,408.399994,69997500
2022/8/2,409.119995,408.059998,413,406.820007,63435400
2022/8/3,410.299988,414.450012,415.679993,410,67820600
2022/8/4,414.369995,414.170013,415.089996,412.440002,45656600
2022/8/5,409.660004,413.470001,414.149994,409.600006,56814900
2022/8/8,415.25,412.98999,417.619995,411.829987,53886100
2022/8/9,412.220001,411.350006,412.75,410.220001,44931800
2022/8/10,418.779999,419.98999,420.140015,416.720001,68665700
2022/8/11,422.98999,419.98999,424.950012,419.209991,59489700
2022/8/12,422.029999,427.100006,427.209991,421.029999,61694500
2022/8/15,424.769989,428.859985,429.410004,424.709991,54048300
2022/8/16,427.730011,429.700012,431.730011,426.880005,59289000
2022/8/17,425.910004,426.649994,429.5,424.540009,63563400
2022/8/18,426.859985,427.890015,428.609985,425.5,49023200
2022/8/19,424.980011,422.140015,425.26001,421.220001,68016900
2022/8/22,417.049988,413.350006,417.230011,412.399994,77695600
2022/8/23,412.899994,412.350006,415.420013,411.769989,49105200
2022/8/24,412.109985,413.670013,415.109985,411.390015,49177800
2022/8/25,415.23999,419.51001,419.559998,414.089996,50942300
2022/8/26,419.390015,405.309998,419.959991,405.25,103087000
2022/8/29,402.200012,402.630005,405.839996,401.200012,65370800
2022/8/30,403.850006,398.209991,404.100006,396,85652400
2022/8/31,399.929993,395.179993,401.23999,395.040009,76029700
2022/9/1,392.890015,396.420013,396.779999,390.040009,78740100
2022/9/2,400.279999,392.23999,401.559998,390.329987,99632100
2022/9/6,393.130005,390.76001,394.119995,388.420013,76637400
2022/9/7,390.429993,397.779999,398.589996,390.200012,70964200
2022/9/8,395.390015,400.380005,400.859985,394.119995,80821700
2022/9/9,402.73999,406.600006,407.51001,402.459991,76706900
2022/9/12,408.779999,410.970001,411.730011,408.459991,69256300
2022/9/13,401.829987,393.100006,403.100006,391.920013,122947100
2022/9/14,394.470001,394.600006,396.200012,391.119995,85023700
2022/9/15,392.959991,390.119995,395.959991,388.779999,87633800
2022/9/16,384.140015,385.559998,386.25,382.109985,103084800
2022/9/19,382.26001,388.549988,388.549988,382.179993,73278500
2022/9/20,385.059998,384.089996,386.119995,381.200012,77274900
2022/9/21,386.109985,377.390015,389.309998,377.380005,106746600
2022/9/22,376.579987,374.220001,378.299988,373.440002,89472600
2022/9/23,370.579987,367.950012,370.619995,363.290009,122346900
2022/9/26,366.410004,364.309998,370.209991,363.029999,92581200
2022/9/27,368.019989,363.380005,370.399994,360.869995,108294100
2022/9/28,364.380005,370.529999,372.299988,362.600006,110802200
2022/9/29,366.809998,362.790009,367.109985,359.700012,112952300
2022/9/30,361.799988,357.179993,365.910004,357.040009,153711200
2022/10/3,361.079987,366.609985,368.549988,359.209991,89756500
2022/10/4,372.399994,377.970001,378,366.570007,103602800
2022/10/5,373.390015,377.089996,379.459991,370.950012,88065700
2022/10/6,375.619995,373.200012,378.720001,372.679993,82333500
2022/10/7,368.970001,362.790009,373.290009,360.940002,107789500
2022/10/10,363.959991,360.019989,364.209991,357.670013,76042800
2022/10/11,358.23999,357.73999,363.029999,355.709991,92482800
2022/10/12,358.170013,356.559998,359.820007,356.299988,76991800
2022/10/13,349.209991,365.970001,367.51001,348.109985,147254500
2022/10/14,368.549988,357.630005,370.26001,356.959991,123737000
2022/10/17,364.01001,366.820007,367.980011,357.279999,93168200
2022/10/18,375.130005,371.130005,375.450012,367.519989,97162900
2022/10/19,368.98999,368.5,371.850006,365.549988,79746900
2022/10/20,368.029999,365.410004,372.670013,364.609985,88283100
2022/10/21,365.119995,374.290009,374.799988,363.540009,131038400
2022/10/24,375.890015,378.869995,380.059998,373.109985,85436900
2022/10/25,378.790009,384.920013,385.25,378.670013,78846300
2022/10/26,381.619995,382.019989,387.579987,381.350006,104087300
2022/10/27,383.070007,379.980011,385,379.329987,81971800
2022/10/28,379.869995,389.019989,389.519989,379.679993,100302000
2022/10/31,386.440002,386.209991,388.399994,385.26001,96631300
2022/11/1,390.140015,384.519989,390.390015,383.290009,85407600
2022/11/2,383.899994,374.869995,388.630005,374.76001,126990400
2022/11/3,371.470001,371.01001,374.200012,368.790009,87100100
2022/11/4,377,376.350006,378.869995,370,103505200
2022/11/7,377.709991,379.950012,380.570007,375.529999,68286900
2022/11/8,381.109985,382,385.119995,377.720001,84641100
2022/11/9,379.929993,374.130005,381.140015,373.609985,78495500
2022/11/10,388.049988,394.690002,395.040009,385.640015,141455800
2022/11/11,395.589996,398.51001,399.350006,393.609985,93839900
2022/11/14,396.660004,395.119995,400.179993,394.829987,71903500
2022/11/15,401.149994,398.48999,402.309998,394.48999,93194500
2022/11/16,396.779999,395.450012,397.779999,394.790009,68508500
2022/11/17,390.459991,394.23999,394.950012,390.140015,74496300
2022/11/18,397.73999,396.029999,397.809998,393.040009,92922500
2022/11/21,394.640015,394.589996,395.820007,392.660004,51243200
2022/11/22,396.630005,399.899994,400.070007,395.149994,60429000
2022/11/23,399.549988,402.420013,402.929993,399.309998,68261600
2022/11/25,401.829987,402.329987,402.910004,401.540009,30545400
2022/11/28,399.089996,395.910004,400.809998,395.109985,67881600
2022/11/29,396.049988,395.230011,397.299988,393.299988,52310000
2022/11/30,395.48999,407.679993,407.679993,393.480011,144566700
2022/12/1,408.769989,407.380005,410,404.75,76398200
2022/12/2,402.25,406.910004,407.859985,402.140015,85342700
2022/12/5,403.950012,399.589996,404.929993,398.170013,77289800
2022/12/6,399.420013,393.829987,399.98999,391.640015,77972200
2022/12/7,392.940002,393.160004,395.640015,391.970001,65927900
2022/12/8,395.140015,396.23999,397.359985,393.269989,60737900
2022/12/9,394.940002,393.279999,397.619995,393.149994,81447700
2022/12/12,394.109985,398.950012,398.950012,393.410004,75405800
2022/12/13,410.220001,401.970001,410.48999,399.070007,123782500
2022/12/14,401.609985,399.399994,405.5,396.309998,108111300
2022/12/15,394.299988,389.630005,395.25,387.890015,117705900
2022/12/16,385.179993,383.269989,386.579987,381.040009,119858000
2022/12/19,383.470001,380.019989,383.820007,378.279999,79878100
2022/12/20,379.230011,380.540009,382.230011,377.850006,74427200
2022/12/21,383.25,386.230011,387.410004,382.690002,78167400
2022/12/22,383.049988,380.720001,386.209991,374.769989,100120900
2022/12/23,379.649994,382.910004,383.059998,378.029999,59857300
2022/12/27,382.790009,381.399994,383.149994,379.649994,51638200
2022/12/28,381.329987,376.660004,383.390015,376.420013,70911500
2022/12/29,379.630005,383.440002,384.350006,379.079987,66970900
2022/12/30,380.640015,382.429993,382.579987,378.429993,84022200
2023/1/3,384.369995,380.820007,386.429993,377.829987,74850700
2023/1/4,383.179993,383.76001,385.880005,380,85934100
2023/1/5,381.720001,379.380005,381.839996,378.76001,76970500
2023/1/6,382.609985,388.079987,389.25,379.410004,104189600
2023/1/9,390.369995,387.859985,393.700012,387.670013,73978100
2023/1/10,387.25,390.579987,390.649994,386.269989,65358100
2023/1/11,392.230011,395.519989,395.600006,391.380005,68881100
2023/1/12,396.670013,396.959991,398.48999,392.420013,90157700
2023/1/13,393.619995,398.5,399.100006,393.339996,63903900
2023/1/17,398.480011,397.769989,400.230011,397.059998,62677300
2023/1/18,399.01001,391.48999,400.119995,391.279999,99632300
2023/1/19,389.359985,388.640015,391.079987,387.26001,86958900
2023/1/20,390.100006,395.880005,396.040009,388.380005,91806400
2023/1/23,396.720001,400.630005,402.649994,395.720001,84178800
2023/1/24,398.880005,400.200012,401.149994,397.640015,59524900
2023/1/25,395.950012,400.350006,400.700012,393.559998,84800300
2023/1/26,403.130005,404.75,404.920013,400.029999,72287400
2023/1/27,403.660004,405.679993,408.160004,403.440002,68346200
2023/1/30,402.799988,400.589996,405.130005,400.279999,74202000
2023/1/31,401.130005,406.480011,406.529999,400.769989,86811800
2023/2/1,405.209991,410.799988,413.670013,402.350006,101459200
2023/2/2,414.859985,416.779999,418.309998,412.880005,101654500
2023/2/3,411.589996,412.350006,416.970001,411.089996,94736800
2023/2/6,409.790009,409.829987,411.290009,408.100006,60295300
2023/2/7,408.869995,415.190002,416.48999,407.570007,90990700
2023/2/8,413.130005,410.649994,414.529999,409.929993,76227500
2023/2/9,414.410004,407.089996,414.570007,405.809998,78694900
2023/2/10,405.859985,408.040009,408.440002,405.01001,70769700
2023/2/13,408.720001,412.829987,412.970001,408.23999,64913500
2023/2/14,411.23999,412.640015,415.049988,408.51001,88389300
2023/2/15,410.350006,413.980011,414.059998,409.470001,61555700
2023/2/16,408.790009,408.279999,412.910004,408.140015,76431500
2023/2/17,406.059998,407.26001,407.51001,404.049988,89257800
2023/2/21,403.059998,399.089996,404.160004,398.820007,82655900
2023/2/22,399.519989,398.540009,401.130005,397.019989,83742300
2023/2/23,401.559998,400.660004,402.200012,396.25,96242400
2023/2/24,395.420013,396.380005,397.25,393.640015,108194400
2023/2/27,399.869995,397.730011,401.290009,396.75,80444700
2023/2/28,397.230011,396.26001,399.279999,396.149994,96438600
2023/3/1,395.410004,394.73999,396.690002,393.380005,99706800
2023/3/2,392.679993,397.809998,398.690002,392.329987,85127800
2023/3/3,399.709991,404.190002,404.450012,399.029999,90120000
2023/3/6,405.049988,404.470001,407.450012,404.01001,72795900
2023/3/7,404.420013,398.269989,404.670013,397.630005,108310600
2023/3/8,398.390015,398.920013,399.709991,396.589996,74746600
2023/3/9,399.73999,391.559998,401.480011,390.529999,111945300
2023/3/10,390.98999,385.910004,393.160004,384.320007,189253000
2023/3/13,381.809998,385.359985,390.390015,380.649994,157790000
2023/3/14,390.5,391.730011,393.450012,387.049988,149752400
2023/3/15,385.890015,389.279999,389.48999,383.709991,172996900
2023/3/16,386.820007,396.109985,396.470001,386.290009,143254200
2023/3/17,393.220001,389.98999,394.399994,388.549988,140553400
2023/3/20,390.799988,393.73999,394.170013,390.070007,93055800
2023/3/21,397.23999,398.910004,399.410004,395.579987,91524200
2023/3/22,398.730011,392.109985,402.48999,392.070007,111746600
2023/3/23,395.089996,393.170013,399.290009,390.350006,119351300
2023/3/24,391.839996,395.75,395.839996,389.399994,107682400
2023/3/27,398.119995,396.48999,398.920013,395.559998,74010400
2023/3/28,395.769989,395.600006,396.48999,393.690002,62871700
2023/3/29,399.929993,401.350006,401.600006,398.679993,77497900
2023/3/30,404.089996,403.700012,404.350006,401.76001,69840000
2023/3/31,404.660004,409.390015,409.700012,404.549988,112062600
2023/4/3,408.850006,410.950012,411.369995,408.440002,67391100
2023/4/4,411.619995,408.670013,411.920013,407.23999,66601500
2023/4/5,407.910004,407.600006,408.700012,405.880005,65200200
2023/4/6,406.769989,409.190002,409.480011,405.679993,63743300
2023/4/10,406.609985,409.609985,409.690002,405.970001,63681000
2023/4/11,410.26001,409.720001,411.179993,408.920013,59297900
2023/4/12,411.869995,408.049988,412.170013,407.440002,86420400
2023/4/13,409.179993,413.470001,413.839996,407.98999,85814800
2023/4/14,412.809998,412.459991,415.089996,410.059998,78161500
2023/4/17,412.369995,413.940002,413.959991,411.089996,66436400
2023/4/18,415.579987,414.209991,415.720001,412.779999,63560000
2023/4/19,412.220001,414.140015,415.079987,412.160004,55227300
2023/4/20,411.209991,411.880005,413.700012,410.269989,75840400
2023/4/21,412.190002,412.200012,412.679993,410.170013,73457400
2023/4/24,411.98999,412.630005,413.070007,410.600006,64332100
2023/4/25,410.579987,406.079987,411.160004,406.019989,97766700
2023/4/26,406.720001,404.359985,407.839996,403.779999,80447000
2023/4/27,407,412.410004,412.690002,406.73999,92968400
2023/4/28,411.48999,415.929993,415.940002,411.429993,89335600
2023/5/1,415.470001,415.51001,417.619995,415.269989,62122300
2023/5/2,414.769989,410.839996,414.820007,407.820007,103998500
2023/5/3,411.359985,408.019989,413.869995,407.769989,91531800
2023/5/4,406.929993,405.130005,407.269989,403.73999,94901900
2023/5/5,408.910004,412.630005,413.720001,408.640015,87844000
2023/5/8,412.970001,412.73999,413.23999,411.279999,50046800
2023/5/9,411.130005,410.929993,412.089996,410.690002,49220100
2023/5/10,413.880005,412.850006,414.540009,408.869995,96142900
2023/5/11,411.950012,412.130005,412.429993,409.970001,70157100
2023/5/12,413.420013,411.589996,413.640015,409.070007,70439400
2023/5/15,412.220001,413.01001,413.429993,410.230011,54289400
2023/5/16,411.859985,410.25,412.820007,410.23999,57705500
2023/5/17,412.350006,415.230011,415.859985,410.640015,87287000
2023/5/18,414.899994,419.230011,419.670013,414.670013,97177200
2023/5/19,420.170013,418.619995,420.720001,417.350006,103679700
2023/5/22,418.640015,418.790009,420.390015,417.350006,60745400
2023/5/23,417.079987,414.089996,418.720001,413.679993,86383500
2023/5/24,412.420013,411.089996,412.820007,409.880005,89213700
2023/5/25,414.73999,414.649994,416.160004,412.410004,90961600
2023/5/26,415.329987,420.019989,420.769989,415.25,93830000
2023/5/30,422.029999,420.179993,422.579987,418.73999,72216000
2023/5/31,418.279999,417.850006,419.220001,416.220001,110811800
2023/6/1,418.089996,421.820007,422.920013,416.790009,88865000
2023/6/2,424.5,427.920013,428.73999,423.950012,91366700
2023/6/5,428.279999,427.100006,429.619995,426.369995,65460200
2023/6/6,426.670013,428.029999,428.579987,425.98999,64022200
2023/6/7,428.440002,426.549988,429.619995,426.109985,85373300
2023/6/8,426.619995,429.130005,429.600006,425.820007,61952800
2023/6/9,429.959991,429.899994,431.98999,428.869995,85742800
2023/6/12,430.920013,433.799988,433.880005,430.170013,76104300
2023/6/13,435.320007,436.660004,437.329987,434.630005,95899700
2023/6/14,437.01001,437.179993,439.059998,433.589996,100612100
2023/6/15,436.329987,442.600006,443.899994,436.230011,110303100
2023/6/16,443.019989,439.459991,443.609985,438.970001,114121300
2023/6/20,437.450012,437.179993,438.369995,435.029999,76160400
2023/6/21,436.160004,434.940002,436.98999,434.329987,76982300
2023/6/22,433.950012,436.51001,436.619995,433.600006,70637200
2023/6/23,432.929993,433.209991,435.059998,432.470001,92074500
2023/6/26,432.619995,431.440002,434.609985,431.190002,72823600
2023/6/27,432.350006,436.170013,436.809998,431.880005,72813700
2023/6/28,435.049988,436.390015,437.440002,434.410004,75636000
2023/6/29,435.959991,438.109985,438.279999,435.540009,67882300
2023/6/30,441.440002,443.279999,444.299988,441.109985,104921500
2023/7/3,442.920013,443.790009,444.079987,442.630005,32793400
2023/7/5,441.910004,443.130005,443.890015,441.899994,58418400
2023/7/6,439.420013,439.660004,440.100006,437.059998,80658300
2023/7/7,438.630005,438.549988,442.640015,438.299988,86076100
2023/7/10,438.179993,439.660004,439.839996,437.589996,62443500
2023/7/11,440.450012,442.459991,442.970001,439.440002,64463800
2023/7/12,446.390015,446.019989,447.480011,444.910004,91924500
2023/7/13,447.899994,449.559998,450.380005,447.450012,72425200
2023/7/14,450.480011,449.279999,451.359985,448.48999,69761800
2023/7/17,449.130005,450.839996,451.929993,449.079987,52680200
2023/7/18,450.5,454.190002,454.859985,450.049988,80744400
2023/7/19,455.01001,455.200012,456.429993,454.109985,65891700
2023/7/20,454.170013,452.179993,455.100006,451.440002,70591600
2023/7/21,453.959991,452.179993,454.170013,452.170013,71245400
2023/7/24,453.369995,454.200012,455.040009,452.299988,54023400
2023/7/25,453.920013,455.440002,456.73999,453.869995,55191200
2023/7/26,454.470001,455.51001,456.98999,453.380005,71052900
2023/7/27,459.019989,452.48999,459.440002,451.549988,92194400
2023/7/28,455.880005,456.920013,457.779999,452.48999,80011800
2023/7/31,457.410004,457.790009,458.160004,456.049988,62040400
2023/8/1,456.269989,456.480011,457.25,455.48999,55291500
2023/8/2,453.25,450.130005,453.519989,449.350006,93933400
2023/8/3,448.040009,448.839996,450.790009,447.369995,64276100
2023/8/4,450.720001,446.809998,452.899994,446.269989,100052300
2023/8/7,448.709991,450.709991,450.869995,447.98999,58357500
2023/8/8,448.079987,448.75,450.700012,445.269989,71361300
2023/8/9,449.029999,445.75,449.200012,444.959991,78789600
2023/8/10,448.190002,445.910004,451.700012,444.700012,93005500
2023/8/11,443.970001,445.649994,446.700012,443.350006,68664600
2023/8/14,444.700012,448.109985,448.109985,444.380005,47867400
2023/8/15,446.269989,442.890015,446.640015,442.299988,75707500
2023/8/16,442.459991,439.640015,444.179993,439.529999,80107200
2023/8/17,441.160004,436.290009,441.429993,435.75,95711300
2023/8/18,433.369995,436.5,437.570007,433.01001,98758400
2023/8/21,437.549988,439.339996,440.109985,435.320007,68719000
2023/8/22,441.179993,438.149994,441.179993,437.570007,65062900
2023/8/23,439.25,443.029999,443.670013,439.100006,68441000
2023/8/24,444.690002,436.890015,445.220001,436.859985,88517300
2023/8/25,438.679993,439.970001,441.299988,435,102325100
2023/8/28,442.23999,442.76001,443.399994,439.970001,61595400
2023/8/29,442.649994,449.160004,449.450012,442.459991,83081900
2023/8/30,449.51001,451.01001,451.670013,448.779999,69053900
2023/8/31,451.649994,450.350006,452.829987,450.160004,66084600
2023/9/1,453.170013,451.190002,453.670013,449.679993,58875700
2023/9/5,450.730011,449.23999,451.059998,449.170013,55166200
2023/9/6,448.399994,446.220001,448.51001,443.809998,70758500
2023/9/7,443.109985,444.850006,445.549988,442.75,70355400
2023/9/8,444.899994,445.519989,447.109985,444.529999,61659700
2023/9/11,448.23999,448.450012,448.769989,446.470001,60180100
2023/9/12,446.950012,445.98999,448.529999,445.390015,67565400
2023/9/13,446.220001,446.51001,447.709991,445.079987,60199300
2023/9/14,449.070007,450.359985,451.079987,447.720001,83430800
2023/9/15,447.140015,443.369995,447.480011,442.920013,111761400
2023/9/18,443.049988,443.630005,444.970001,442.559998,55752200
2023/9/19,442.679993,442.709991,443.290009,439.940002,66514600
2023/9/20,444.01001,438.640015,444.440002,438.429993,82562600
2023/9/21,435.700012,431.390015,435.970001,431.230011,103976100
2023/9/22,432.450012,430.420013,434.100006,429.98999,100829700
2023/9/25,429.170013,432.230011,432.269989,428.720001,70874500
2023/9/26,429.089996,425.880005,429.820007,425.019989,96168400
2023/9/27,427.089996,426.049988,427.670013,422.290009,104705800
2023/9/28,425.480011,428.519989,430.25,424.869995,92258300
2023/9/29,431.670013,427.480011,431.850006,425.910004,115078500
2023/10/2,426.619995,427.309998,428.600006,424.459991,83798600
2023/10/3,425.059998,421.589996,427.369995,420.179993,103760600
2023/10/4,422.070007,424.660004,425.429993,420.559998,87453000
2023/10/5,424.359985,424.5,425.369995,421.170013,70142700
2023/10/6,421.970001,429.540009,431.130005,420.600006,113202700
2023/10/9,427.579987,432.290009,432.880005,427.01001,80374400
2023/10/10,432.940002,434.540009,437.220001,432.529999,78607300
2023/10/11,435.640015,436.320007,436.579987,433.179993,62451700
2023/10/12,436.950012,433.660004,437.339996,431.230011,81154200
2023/10/13,435.209991,431.5,436.450012,429.880005,95143100
2023/10/16,433.820007,436.040009,437.140015,433.570007,75433200
2023/10/17,432.809998,436.019989,438.140015,432.450012,75324700
2023/10/18,434.190002,430.209991,435.179993,429.089996,93559800
2023/10/19,430.950012,426.429993,432.820007,425.730011,121323000
2023/10/20,425.980011,421.190002,426.540009,421.079987,123845800
2023/10/23,419.609985,420.459991,424.450012,417.799988,92035100
2023/10/24,422.649994,423.630005,424.820007,420.73999,78564200
2023/10/25,421.890015,417.549988,421.920013,417.019989,94223200
2023/10/26,416.450012,412.549988,417.329987,411.600006,115156800
2023/10/27,414.190002,410.679993,414.600006,409.209991,107367700
2023/10/30,413.559998,415.589996,416.679993,412.220001,86562700
2023/10/31,416.179993,418.200012,418.529999,414.209991,79665200
2023/11/1,419.200012,422.660004,423.5,418.649994,98068100
2023/11/2,426.579987,430.76001,430.920013,426.559998,94938900
2023/11/3,433.140015,434.690002,436.290009,433.01001,100110800
2023/11/6,435.470001,435.690002,436.149994,433.679993,67831700
2023/11/7,435.690002,436.929993,437.589996,434.51001,64256100
2023/11/8,437.549988,437.25,438.089996,434.869995,61746000
2023/11/9,438.429993,433.839996,438.470001,433.399994,83174400
2023/11/10,435.980011,440.609985,440.929993,433.829987,89462200
2023/11/13,439.230011,440.190002,441.329987,438.420013,52236100
2023/11/14,446.320007,448.730011,450.059998,446.089996,97176900
2023/11/15,450.109985,449.679993,451.380005,448.799988,77327600
2023/11/16,449.220001,450.230011,450.559998,448.119995,66665800
2023/11/17,450.23999,450.790009,451.420013,449.290009,83133200
2023/11/20,450.529999,454.26001,455.130005,450.519989,69936200
2023/11/21,453.179993,453.269989,454.130005,451.959991,49244600
2023/11/22,454.980011,455.019989,456.380005,453.890015,59394900